id,nombre,partido,municipio,cp,latitud,longitud
33794,2 DE ABRIL,SAN ROQUE,PEDRO R FERNANDEZ,3446,,
9685,3 DE ABRIL,BELLA VISTA,3 DE ABRIL,3433,-28.3808850,-58.9480960
10223,9 DE JULIO,SAN ROQUE,9 DE JULIO,3445,-28.8418349,-58.8280464
9785,ABRA GUAZU,ESQUINA,ESQUINA,3197,-30.0784368,-59.4055912
10055,ACUÑA,MONTE CASEROS,COLONIA LIBERTAD,3466,,
33779,AGUAPE,SAN MARTIN,YAPEYU,3232,,
9734,AGUAY,CURUZU CUATIA,,3461,-29.3095998,-58.5128555
33766,AGUI,SAN LUIS DEL PALMAR,SAN LUIS DEL PALMAR,3403,,
20007,AGUIRRE CUE,SAN LUIS DEL PALMAR,,3403,-27.4132515,-58.3788886
33671,AHOMA SUR,EMPEDRADO,EL SOMBRERO,3419,,
9927,ALAMO,GOYA,,3450,,
33663,ALBARDON,EMPEDRADO,EL SOMBRERO,3419,,
20010,ALBARDONES,SAN LUIS DEL PALMAR,,3403,-27.6001018,-58.5127930
33767,ALBARDONES ESTE,SAN LUIS DEL PALMAR,SAN LUIS DEL PALMAR,3403,,
10025,ALEN CUE,SAN MARTIN,LA CRUZ,3471,-29.1793297,-57.4515912
10026,ALFONSO LOMA,MERCEDES,MERCEDES,3471,,
10225,ALGARROBAL,SAN ROQUE,,3445,-28.8839313,-58.7848563
9896,ALGARROBAL,GENERAL PAZ,CAA CATI,3480,-27.7055629,-57.7949658
9990,ALGARROBO,LAVALLE,,3441,-28.8749275,-59.0445518
9860,ALTAMIRA,GENERAL ALVEAR,,3344,-28.7483654,-56.6073418
9861,ALVEAR,GENERAL ALVEAR,ALVEAR,3344,-29.0930042,-56.5474358
9899,ANGOSTURA,GENERAL PAZ,ITA IBATE,3481,-27.6046670,-57.4737171
19916,ANGUA,SALADAS,,3420,-28.3207605,-58.5464494
33689,AQUINO,ESQUINA,ESQUINA,3197,,
9694,ARERUNGUA,GENERAL PAZ,ITA IBATE,3481,-27.5650055,-57.4419845
9681,ARROYITO,SALADAS,SALADAS,3448,,
10154,ARROYO AMBROSIO,SALADAS,SAN LORENZO,3420,,
20122,ARROYO BALMACEDA,SAN MIGUEL,,3483,-27.7817285,-57.3116269
33648,ARROYO CAABI,CONCEPCION,CONCEPCION DEL YAGUARETE CORA,3423,,
19919,ARROYO CEIBAL,SALADAS,,3416,-28.1134474,-58.7366992
33664,ARROYO EL SOMBRERO,EMPEDRADO,EMPEDRADO,3419,,
10226,ARROYO GONZALEZ,SAN ROQUE,SAN ROQUE,3445,-28.7457663,-58.8880164
19730,ARROYO GRANDE,MERCEDES,,3470,-28.7814821,-57.9481002
19812,ARROYO HORQUETA,SAUCE,SAUCE,3466,,
33724,ARROYO MACHUCA,GOYA,GOYA,3450,,
33659,ARROYO MAROTE,CURUZU CUATIA,CURUZU CUATIA,3460,,
10227,ARROYO PARAISO,SAN ROQUE,SAN ROQUE,3445,,
19981,ARROYO PELON,EMPEDRADO,EMPEDRADO,3401,,
20013,ARROYO PONTON,SAN LUIS DEL PALMAR,SAN LUIS DEL PALMAR,3401,-27.5833435,-58.5998992
9737,ARROYO SECO,CURUZU CUATIA,CURUZU CUATIA,3641,-29.5471553,-58.6355156
9771,ARROYO SOLIS,EMPEDRADO,EMPEDRADO,3401,-27.7922091,-58.6042184
9789,ARROYO SORO,ESQUINA,,3194,-30.2634460,-59.5484967
9790,ARROYO VEGA,ESQUINA,,3196,,
33746,ARROYO YUQUERI,MERCEDES,MERCEDES,3470,,
33800,ATALAYA,SANTO TOME,SANTO TOME,3340,,
17865,AVALOS,CURUZU CUATIA,CURUZU CUATIA,3461,,
9900,AYALA CUE,GENERAL PAZ,,3407,-27.6596222,-57.7391205
33759,AYUI,PASO DE LOS LIBRES,BONPLAND,3234,,
20085,BACARAY,SAN MARTIN,LA CRUZ,3346,,
9738,BAIBIENE,CURUZU CUATIA,CURUZU CUATIA,3466,-29.6131134,-58.1897075
9930,BAÑADO SAN ANTONIO,GOYA,,3454,,
33760,BAÑADO YATAY,PASO DE LOS LIBRES,PASO DE LOS LIBRES,3230,,
9914,BARRANQUERITA,SAN MIGUEL,LORETO,3480,,
20123,BASTIDORES,SAN MIGUEL,,3483,-27.7650396,-57.2745911
9739,BASUALDO,CURUZU CUATIA,CAZADORES CORRENTINOS,3185,,
17412,BATARA,CONCEPCION,COLONIA SANTA ROSA,3423,-28.2237893,-58.0026064
9710,BATEL,CONCEPCION,CONCEPCION DEL YAGUARETE CORA,3421,-28.3022867,-58.0203270
27916,BATEL,GOYA,GOYA,3450,-29.1751244,-58.8898205
9933,BATEL ARAUJO,GOYA,,3450,,
33792,BATEL KILOMETRO 47,SAN ROQUE,CHAVARRIA,3474,,
19326,BATELITO,GOYA,SAN ISIDRO,3451,,
9682,BELLA VISTA,BELLA VISTA,BELLA VISTA,3432,-28.5147839,-59.0425377
33636,BELLA VISTA,SAN MIGUEL,LORETO,3483,,
17986,BERNACHEA,EMPEDRADO,,3418,-27.9277028,-58.3297648
9901,BLANCO CUE,MBURUCUYA,MBURUCUYA,3480,,
10110,BONPLAND,PASO DE LOS LIBRES,BONPLAND,3234,-29.8231812,-57.4299583
10029,BOQUERON,MERCEDES,MERCEDES,3471,-28.8273893,-58.1499553
10059,BUEN RETIRO,MONTE CASEROS,,3222,,
9931,BUENA ESPERANZA,GOYA,,3454,-29.7031516,-59.3843856
9792,BUENA VISTA,ESQUINA,,3196,-29.7846698,-59.2411091
27577,BUENA VISTA,MONTE CASEROS,,3226,,
9968,BUENA VISTA,ITUZAINGO,,3302,-27.7159145,-56.9475164
33697,BUENA VISTA,GENERAL PAZ,LOMAS DE VALLEJOS,3415,,
33793,BUENA VISTA,SAN ROQUE,SAN ROQUE,3449,,
9932,BUENA VISTA,GOYA,GOYA,3454,-29.4267035,-59.2920861
10185,BUENA VISTA,SAN MARTIN,LA CRUZ,3471,-29.2680607,-56.6764374
20467,CAA CARAI,ITUZAINGO,,3302,-27.7979671,-56.2641872
33826,CAABI HUAJO,GOYA,SAN ISIDRO,3454,,
10264,CAABI POI,SANTO TOME,SANTO TOME,3342,,
19037,CABRAL,ESQUINA,,3196,,
19895,CABRED,PASO DE LOS LIBRES,PARADA PUCHETA,3232,,
20142,CAFARREÑO,LAVALLE,YATAYTI CALLE,3445,,
33801,CAILAR CUE,SANTO TOME,SANTO TOME,3340,,
19734,CALLEJON,MERCEDES,,3470,-29.3317776,-57.8505325
33780,CAMBA TRAPO,SAN MARTIN,COLONIA CARLOS PELLEGRINI,3473,,
20188,CAMBAY,SANTO TOME,SANTO TOME,3340,,
18318,CAMBIRETA,ITUZAINGO,,3302,,
9793,CAMPO BORDON,ESQUINA,PUEBLO LIBERTADOR,3196,-30.1997326,-59.4189627
27713,CAMPO GRANDE,EMPEDRADO,EL SOMBRERO,3401,-27.7573194,-58.5644659
20020,CAMPO GRANDE,SAN LUIS DEL PALMAR,,3403,-27.4497473,-58.4223869
9796,CAMPO MORATO,GOYA,SAN ISIDRO,3196,,
33686,CAMPO PERNIZZA,ESQUINA,ESQUINA,3196,,
9797,CAMPO ROMERO,ESQUINA,,3196,-29.5657082,-58.9565861
17990,CAÑADA BURGOS,EMPEDRADO,,3418,,
10232,CAÑADA MALA,SAN ROQUE,,3448,,
10298,CAÑADITAS,SAUCE,,3463,,
19736,CAPI VARI,MERCEDES,,3470,,
9903,CAPILLITA,GENERAL PAZ,,3407,-27.7607789,-57.6466101
10031,CAPITA MINI,MERCEDES,,3472,-28.9508164,-58.3542465
10032,CAPITAN JOAQUIN MADARIAGA,CURUZU CUATIA,CURUZU CUATIA,3465,-29.8643300,-58.2608100
9711,CARAMBOLA,CONCEPCION,,3423,-28.4350069,-57.6641927
20124,CARANDAITI,GENERAL PAZ,ITA IBATE,3485,,
10233,CARAYA,SAN ROQUE,,3448,,
9683,CARRIZAL NORTE,BELLA VISTA,BELLA VISTA,3433,-28.4895171,-59.0341206
10266,CASUALIDAD,SANTO TOME,,3340,,
33736,CASUALIDAD,LAVALLE,GOBERNADOR MARTINEZ,3444,,
9935,CASUALIDAD,GOYA,,3450,-29.2371021,-59.1648331
9740,CASUALIDAD,CURUZU CUATIA,,3461,,
20026,CAVIA CUE,SAN LUIS DEL PALMAR,,3403,-27.5281243,-58.6299162
10268,CAZA PAVA,SANTO TOME,SANTO TOME,3342,-28.2849102,-56.1127739
32330,CAZADORES CORRENTINOS,CURUZU CUATIA,CAZADORES CORRENTINOS,3465,-29.9821660,-58.3015260
9684,CEBOLLAS,BELLA VISTA,,3432,-28.5205475,-58.7686872
33755,CENTINELA,MONTE CASEROS,MONTE CASEROS,3220,,
33737,CERNA,LAVALLE,GOBERNADOR MARTINEZ,3444,,
9904,CERRITO,GENERAL PAZ,CAA CATI,3405,-27.8420326,-57.9128979
33738,CERRITO,LAVALLE,GOBERNADOR MARTINEZ,3442,,
33653,CERRO PUITA,CONCEPCION,CONCEPCION DEL YAGUARETE CORA,3423,,
10179,CERRUDO CUE,SAN LUIS DEL PALMAR,,3403,-27.5686150,-57.9378281
19702,CHACRAS,MBURUCUYA,,3427,-28.0118199,-58.1989175
9799,CHACRAS NORTE,ESQUINA,,3196,-29.9929251,-59.4779693
33768,CHAÑAR,SAN LUIS DEL PALMAR,SAN LUIS DEL PALMAR,3403,,
17689,CHAQUITO,CURUZU CUATIA,CAZADORES CORRENTINOS,3465,,
10235,CHAVARRIA,SAN ROQUE,CHAVARRIA,3474,-28.9543056,-58.5718422
33708,COCALITO,GOYA,GOYA,3450,,
17996,COLONIA BROUGNES,EMPEDRADO,,3418,-28.0666986,-58.8196802
33829,COLONIA CARAYA,CONCEPCION,COLONIA SANTA ROSA,3424,,
10187,COLONIA CARLOS PELLEGRINI,SAN MARTIN,COLONIA CARLOS PELLEGRINI,3471,-28.5373400,-57.1712310
32335,COLONIA CAROLINA,GOYA,CAROLINA,3451,-29.1428330,-59.1829080
9992,COLONIA CECILIO ECHEVERRIA,LAVALLE,CECILIO ECHAVARRIA,3440,-28.9393170,-59.1478040
27917,COLONIA EL PROGRESO,GOYA,GOYA,3450,-29.3675041,-59.1882820
33716,COLONIA ELENITA,GOYA,GOYA,3450,,
9993,COLONIA FERRE,LAVALLE,,3440,-28.8089712,-59.0925987
19231,COLONIA FLORENCIA,GENERAL PAZ,,3407,,
20191,COLONIA GOBERNADOR RUIZ,SANTO TOME,,3340,-28.5201961,-56.0559232
33795,COLONIA GOTUSSO,SAN ROQUE,COLONIA PANDO,3449,,
33674,COLONIA IMPARCIALES,EMPEDRADO,EMPEDRADO,3418,,
27710,COLONIA JUAN B CABRAL,SALADAS,,3420,-28.2298660,-58.5825920
9713,COLONIA LA HABANA,CONCEPCION,COLONIA SANTA ROSA,3423,,
33633,COLONIA LAS FLORES,MONTE CASEROS,MOCORETA,3226,,
32338,COLONIA LIBERTAD,MONTE CASEROS,COLONIA LIBERTAD,3224,-30.0421160,-57.8205210
9970,COLONIA LIEBIGS,ITUZAINGO,COLONIA LIEBIG S,3358,-27.9156592,-55.8233286
20028,COLONIA LLANO,SAN LUIS DEL PALMAR,,3403,-27.5028325,-58.4970206
20130,COLONIA MADARIAGA,SAN MIGUEL,,3485,-28.0736961,-57.6633835
33740,COLONIA MARTINEZ,LAVALLE,CECILIO ECHAVARRIA,3440,,
19986,COLONIA MATILDE,SAN COSME,PASO DE LA PATRIA,3401,,
19333,COLONIA MERCEDES COSSIO,GOYA,,3450,-29.2652133,-59.2324278
9745,COLONIA PAIRIRI,CURUZU CUATIA,CAZADORES CORRENTINOS,3185,-30.1535835,-58.4332695
32339,COLONIA PANDO,SAN ROQUE,COLONIA PANDO,3449,-28.5232160,-58.4871550
19337,COLONIA PORVENIR,GOYA,GOYA,3451,-29.1908128,-59.1922679
9686,COLONIA PROGRESO,BELLA VISTA,,3433,-28.6020119,-58.9965082
19233,COLONIA PUCHETA,GOYA,GOYA,3450,,
9906,COLONIA ROMERO,GENERAL PAZ,CAA CATI,3481,-27.6693859,-57.5459747
10199,COLONIA SAN ANTONIO,SAN MIGUEL,,3485,,
19875,COLONIA SAN FRANCISCO,MONTE CASEROS,JUAN PUJOL,3220,,
33632,COLONIA SAN GREGORIO SUR,MONTE CASEROS,MOCORETA,3226,,
19628,COLONIA SAN JOSE,LAVALLE,,3440,-28.9147384,-59.0916855
19234,COLONIA SAN MARTIN,GENERAL PAZ,,3407,-27.7350754,-57.6052276
33670,COLONIA SANZ,EMPEDRADO,EMPEDRADO,3418,,
19342,COLONIA SAUCE,GOYA,,3450,-29.3554518,-59.2357833
33668,COLONIA SOTO,EMPEDRADO,EMPEDRADO,3418,,
33715,COLONIA TIMBO,GOYA,GOYA,3450,,
33803,COLONIA UNION,SANTO TOME,GOBERNADOR VIRASORO,3342,,
9716,CONCEPCION,CONCEPCION,CONCEPCION DEL YAGUARETE CORA,3423,-28.3926449,-57.8873596
9802,CORONEL ABRAHAM SCHWEIZER,ESQUINA,,3197,-30.2604288,-59.3663268
9703,CORRIENTES,CAPITAL,CORRIENTES,3400,-27.4700527,-58.8271255
19635,COSTA BATEL,LAVALLE,,3445,-28.9720786,-58.7626761
17194,COSTA CARRIZAL,BELLA VISTA,3 DE ABRIL,3432,,
18000,COSTA DE EMPEDRADO,EMPEDRADO,EMPEDRADO,3416,-27.7917208,-58.4215628
10180,COSTA GRANDE,SAN LUIS DEL PALMAR,,3403,-27.4392873,-58.0593987
9773,COSTA GRANDE,EMPEDRADO,EMPEDRADO,3425,-27.9733851,-58.4744896
20087,COSTA GUAVIRAVI,SAN MARTIN,,3346,-29.1037193,-56.8076328
19990,COSTA PARANA,SAN COSME,PASO DE LA PATRIA,3401,-27.3639331,-58.6619824
19244,COSTA SANTA LUCIA,GENERAL PAZ,CAA CATI,3405,-27.9149227,-57.7817764
20143,COSTA SANTA LUCIA,SAN ROQUE,9 DE JULIO,3445,-28.8131898,-58.9311883
33696,COSTA SUD MALOYAS,GENERAL PAZ,LOMAS DE VALLEJOS,3405,,
19639,CRUCECITAS,LAVALLE,GOBERNADOR MARTINEZ,3445,,
20510,CRUCESITA,LAVALLE,SANTA LUCIA,3440,,
9995,CRUZ DE LOS MILAGROS,LAVALLE,CRUZ DE LOS MILAGROS,3441,-28.8357351,-59.0068578
19817,CUATRO BOCAS,MONTE CASEROS,,3220,,
33662,CUATRO BOCAS,CURUZU CUATIA,CURUZU CUATIA,3460,,
20194,CUAY CHICO,SANTO TOME,,3340,-28.7272682,-56.4221954
9866,CUAY CHICO,GENERAL ALVEAR,TORRENT,3344,-28.7272682,-56.4221954
10272,CUAY GRANDE,SANTO TOME,SANTO TOME,3344,-28.6667137,-56.2897186
9747,CURUZU CUATIA,CURUZU CUATIA,CURUZU CUATIA,3460,-29.7894115,-58.0588722
20133,CURUZU LAUREL,SAN MIGUEL,,3485,-27.9354668,-57.5036736
19993,DESAGUADERO,SAN COSME,SANTA ANA DE LOS GUACARAS,3403,-27.4996033,-58.6102667
10271,DESIDERIO SOSA,SANTO TOME,SANTO TOME,3342,-28.2143161,-56.1157756
9687,DESMOCHADO,BELLA VISTA,BELLA VISTA,3441,-28.7596235,-58.9884330
33721,DON RAUL,GOYA,GOYA,3450,,
9712,DORA ELENA,CONCEPCION,TATACUA,3421,,
33741,DOS HERMANAS,LAVALLE,SANTA LUCIA,3440,,
33756,DOS VIAS,MONTE CASEROS,MONTE CASEROS,3220,,
9955,EL ABRA,ITATI,ITATI,3414,,
19608,EL BONETE,LAVALLE,GOBERNADOR MARTINEZ,3445,,
10198,EL CAIMAN,SAN MIGUEL,SAN MIGUEL,3485,,
19038,EL CARMEN,ESQUINA,,3196,-29.8682494,-59.4572865
10273,EL CARMEN,SANTO TOME,SANTO TOME,3342,,
9719,EL CARMEN,CONCEPCION,COLONIA SANTA ROSA,3485,-28.1454725,-57.9407768
33675,EL CARRIZAL,EMPEDRADO,EMPEDRADO,3418,,
9748,EL CEIBO,CURUZU CUATIA,,3460,-29.8386616,-58.0444217
19488,EL CENTINELA,ITUZAINGO,SAN CARLOS,3302,,
33630,EL CERRITO,GOYA,GOYA,3450,,
10033,EL CERRITO,MERCEDES,,3472,,
9749,EL CERRO,CURUZU CUATIA,,3461,,
33713,EL DURAZNILLO,GOYA,SAN ISIDRO,3454,,
17694,EL ÑANDUBAY,CURUZU CUATIA,,3460,,
33781,EL OREJANO,SAN MARTIN,LA CRUZ,3346,,
9774,EL POLLO,EMPEDRADO,EMPEDRADO,3401,-27.8323313,-58.4696822
33672,EL POLLO ESTE,EMPEDRADO,EMPEDRADO,3418,,
33717,EL QUEBRACHO,GOYA,SAN ISIDRO,3454,,
33782,EL REMANSO,SAN MARTIN,YAPEYU,3231,,
32331,EL SOMBRERO,EMPEDRADO,EL SOMBRERO,3416,-27.7021510,-58.7707860
20252,EL TESORO,SAUCE,,3463,,
20253,EL TIGRE,SAUCE,,3463,,
33747,EL TIGRE,MERCEDES,MERCEDES,3470,,
17121,EL TORO PI,BELLA VISTA,,3432,,
19356,EL TRANSITO,GOYA,GOYA,3454,-29.3596639,-59.1871407
19323,EL ZAPALLO,GENERAL PAZ,CAA CATI,3407,,
33725,EL ZORZALITO,GOYA,GOYA,3450,,
9751,EMILIO R CONI,CURUZU CUATIA,CURUZU CUATIA,3465,-30.0701389,-58.2698822
9776,EMPEDRADO,EMPEDRADO,EMPEDRADO,3418,-27.9534534,-58.8074537
20033,EMPEDRADO LIMPIO,SAN LUIS DEL PALMAR,,3403,-27.7896987,-58.3582073
19995,ENSENADA GRANDE,SAN COSME,SAN COSME,3412,-27.3656668,-58.3694258
19996,ENSENADITA,SAN COSME,,3412,-27.4029852,-58.5473341
33634,ESPINILLAR,SAN LUIS DEL PALMAR,SAN LUIS DEL PALMAR,3403,,
9753,ESPINILLO,CURUZU CUATIA,CURUZU CUATIA,3460,-29.9559717,-58.3627287
33646,ESPINILLOS,CONCEPCION,CONCEPCION DEL YAGUARETE CORA,3423,,
9808,ESQUINA,ESQUINA,ESQUINA,3196,-30.0137424,-59.5264511
20034,ESQUIVEL CUE,SAN LUIS DEL PALMAR,,3403,-27.4661896,-58.4541099
17124,ESTACION AGRONOMICA,BELLA VISTA,,3432,,
10071,ESTACION LIBERTAD,MONTE CASEROS,,3224,-30.0125285,-57.8591295
32332,ESTACION TORRENT,GENERAL ALVEAR,TORRENT,3344,-28.8264640,-56.4696970
19039,ESTANCIA CAFFERATTA,ESQUINA,,3196,,
19750,ESTANCIA CERRO VERDE,MERCEDES,,3470,,
19041,ESTANCIA EL CARMEN,ESQUINA,,3196,,
20318,ESTANCIA EL CARMEN,CURUZU CUATIA,,3460,,
17715,ESTANCIA EL CHAÑAR,CURUZU CUATIA,,3460,,
19754,ESTANCIA LA CALERA,MERCEDES,,3470,,
19126,ESTANCIA LAS TUNAS,GENERAL ALVEAR,,3344,,
20114,ESTANCIA LOS MILAGROS,SAN MARTIN,,3231,,
17728,ESTANCIA LOS PARAISOS,CURUZU CUATIA,,3460,,
19756,ESTANCIA MANDURE,MERCEDES,,3470,,
19050,ESTANCIA MARQUEZ LUI,ESQUINA,,3196,,
19757,ESTANCIA ROSARIO,MERCEDES,,3470,,
19492,ESTANCIA SAN JAVIER,ITUZAINGO,,3302,,
20202,ESTANCIA SAN MATEO,SANTO TOME,,3340,,
20203,ESTANCIA SAN MIGUEL,SANTO TOME,,3340,,
20117,ESTANCIA SAN SOLANO,SAN MARTIN,,3231,,
19758,ESTANCIA SANTA CRUZ,MERCEDES,,3470,,
20118,ESTANCIA SOLEDAD,SAN MARTIN,,3231,,
19759,ESTANCIA TUNAS,MERCEDES,,3470,,
33700,ESTERO COLI,GOYA,SAN ISIDRO,3450,,
9809,ESTERO GRANDE,ESQUINA,,3197,,
9810,ESTERO SAUCE,ESQUINA,,3197,,
9811,ESTERO YATAY,ESQUINA,,3197,,
20119,ESTINGANA,SAN MARTIN,YAPEYU,3346,-29.3281286,-56.7208228
9754,ESTRELLA,CURUZU CUATIA,,3461,,
19357,FANEGAS,GOYA,,3454,,
10036,FELIPE YOFRE,MERCEDES,FELIPE YOFRE,3472,-29.1047363,-58.3405266
19256,FERNANDEZ,GENERAL PAZ,PALMAR GRANDE,3405,-27.9047337,-57.9759976
33757,FORTUNA,MONTE CASEROS,MONTE CASEROS,3220,,
19257,FRONTERA,GENERAL PAZ,,3405,-27.9133235,-57.8586770
33769,GALARCITA,SAN LUIS DEL PALMAR,SAN LUIS DEL PALMAR,3403,,
10274,GALARZA,SANTO TOME,SANTO TOME,3340,,
20035,GARABATA,SAN LUIS DEL PALMAR,,3403,,
10269,GARAVI,SANTO TOME,GARAVI,3342,-28.2260144,-55.7844092
9736,GARAY,CURUZU CUATIA,CAZADORES CORRENTINOS,3185,,
10275,GARRUCHOS,SANTO TOME,GARRUCHOS,3351,-28.1369381,-55.6324463
19588,GENERAL URIBURU,ITUZAINGO,SAN ANTONIO DE APIPE,3302,,
33739,GOBERNADOR GALLINO,LAVALLE,GOBERNADOR MARTINEZ,3444,,
9996,GOBERNADOR JUAN E MARTINEZ,LAVALLE,GOBERNADOR MARTINEZ,3445,-28.9092121,-58.9355545
10276,GOBERNADOR VIRASORO,SANTO TOME,GOBERNADOR VIRASORO,3342,-28.0455567,-56.0190197
10277,GOMEZ CUE,SANTO TOME,,3340,-28.3158447,-56.5295281
9937,GOYA,GOYA,GOYA,3450,-29.1318836,-59.2586632
19358,GRANJA AMELIA,GOYA,,3450,,
10188,GUAVIRAVI,SAN MARTIN,GUAVIRAVI,3232,-29.3669866,-56.8292389
9812,GUAYQUIRARO,ESQUINA,PUEBLO LIBERTADOR,3194,-30.2991887,-59.5495591
9957,GUAYU,ITATI,,3412,-27.2993200,-58.1845600
10181,HERLITZKA,SAN LUIS DEL PALMAR,HERLITZKA,3403,-27.5661110,-58.2591670
9908,IBAHAY,GENERAL PAZ,,3480,-27.5179318,-57.4037355
9938,IFRAN,GOYA,GOYA,3453,,
17476,IGUATE PORA,CONCEPCION,COLONIA SANTA ROSA,3423,,
33770,INDIO MUERTO,SAN LUIS DEL PALMAR,SAN LUIS DEL PALMAR,3403,,
9813,INGA,ESQUINA,,3196,-30.1133013,-59.5316704
19998,INGENIO PRIMER CORRENTINO,SAN COSME,,3401,-27.4336722,-58.6243279
20446,INVERNADA,GOYA,,3454,-29.7530048,-59.2988173
9939,ISABEL VICTORIA,GOYA,CAROLINA,3453,,
33745,ISIPOYU,MBURUCUYA,MBURUCUYA,3427,,
9689,ISLA ALTA,BELLA VISTA,BELLA VISTA,3449,-28.6362282,-58.8968580
9974,ISLA APIPE CHICO,ITUZAINGO,,3302,-27.5728894,-56.7105389
33626,ISLA EL TALAR,CAPITAL,CORRIENTES,3400,,
33625,ISLA MEZA,CAPITAL,CORRIENTES,3400,,
19361,ISLA SOLA,GOYA,,3450,-29.2232586,-59.3125630
33719,ISLA TALAR,GOYA,SAN ISIDRO,3454,,
27709,ISOQUI,SAN MARTIN,,3346,-29.1546084,-56.6354276
19753,ITA CAABO,MERCEDES,,3470,,
10037,ITA CORA,MERCEDES,,3470,-28.9063564,-58.1681125
19363,ITA CURUBI,GOYA,,3450,,
9909,ITA IBATE,GENERAL PAZ,ITA IBATE,3480,-27.4287720,-57.3378525
19794,ITA JHASE,MERCEDES,,3470,,
27568,ITA PASO,SAN MIGUEL,,3483,,
10038,ITA PUCU,MERCEDES,,3470,,
33758,ITACUMBU,MONTE CASEROS,MONTE CASEROS,3222,,
9959,ITATI,ITATI,ITATI,3414,-27.2731476,-58.2426224
9975,ITUZAINGO,ITUZAINGO,ITUZAINGO,3302,-27.5838985,-56.6831055
33805,JESUS CUE,SANTO TOME,SANTO TOME,3342,,
27712,JUAN DIAZ,BELLA VISTA,BELLA VISTA,3449,-28.5384219,-58.8063647
10074,JUAN PUJOL,MONTE CASEROS,JUAN PUJOL,3222,-30.4171085,-57.8590012
20000,JUAN RAMON VIDAL,SAN ROQUE,9 DE JULIO,3401,,
10078,KILOMETRO 161,MONTE CASEROS,,3220,,
10080,KILOMETRO 173,MONTE CASEROS,,3220,,
10239,KILOMETRO 387,SAN ROQUE,9 DE JULIO,3446,,
19653,KILOMETRO 410,LAVALLE,,3445,,
19661,KILOMETRO 416,LAVALLE,,3445,,
18018,KILOMETRO 492,EMPEDRADO,EL SOMBRERO,3416,,
10286,KILOMETRO 506,SANTO TOME,,3342,,
10287,KILOMETRO 517,ITUZAINGO,COLONIA LIEBIG S,3342,,
33806,LA 38,SANTO TOME,GOBERNADOR VIRASORO,3342,,
9815,LA AMISTAD,ESQUINA,,3196,,
20111,LA ARBOLEDA,SAN MARTIN,LA CRUZ,3231,,
20152,LA ARMONIA,SAN ROQUE,,3446,,
33783,LA AURORA,SAN MARTIN,COLONIA CARLOS PELLEGRINI,3473,,
9997,LA BOLSA,LAVALLE,,3443,-29.0298767,-59.1023407
33728,LA CACHUERA,ITUZAINGO,COLONIA LIEBIG S,3358,,
17739,LA CAÑADA,CURUZU CUATIA,,3460,,
33676,LA CARLOTA,ESQUINA,ESQUINA,3196,,
10044,LA CARLOTA,MERCEDES,MERCEDES,3472,,
19055,LA CASUALIDAD,ESQUINA,PUEBLO LIBERTADOR,3196,-30.2542656,-59.4043791
17746,LA CAUTIVA,CURUZU CUATIA,,3460,,
9816,LA CONCEPCION,ESQUINA,ESQUINA,3454,,
20256,LA CONCEPCION,SAUCE,,3463,,
33807,LA COSTA,SANTO TOME,SANTO TOME,3343,,
10189,LA CRUZ,SAN MARTIN,LA CRUZ,3346,-29.1754246,-56.6469879
33710,LA CUCUCHA,GOYA,SAN ISIDRO,3454,,
33820,LA DORITA,ESQUINA,ESQUINA,3196,,
33796,LA ELISA,SAN ROQUE,COLONIA PANDO,3449,,
9877,LA ELSA,GENERAL ALVEAR,TORRENT,3344,,
19377,LA ELVIRA,GOYA,,3454,,
9817,LA EMILIA,ESQUINA,,3196,,
20259,LA ESTRELLA,SAUCE,,3463,-30.0559421,-58.8095488
19776,LA ESTRELLA,MERCEDES,MERCEDES,3476,,
19264,LA FLECHA,GENERAL PAZ,LOMAS DE VALLEJOS,3405,-27.6935329,-57.9269333
33684,LA FLORESTA,ESQUINA,ESQUINA,3196,,
33761,LA FLORIDA,PASO DE LOS LIBRES,PASO DE LOS LIBRES,3230,,
10045,LA HAYDEE,MERCEDES,MERCEDES,3230,,
33784,LA HORQUETA,SAN MARTIN,LA CRUZ,3346,,
33661,LA LATA,CURUZU CUATIA,PERUGORRIA,3461,,
19140,LA LOMA,GENERAL ALVEAR,,3344,,
33734,LA LOMA,LAVALLE,SANTA LUCIA,3440,,
27862,LA MANSION,SALADAS,,3420,-28.2582991,-58.5996698
33720,LA MARTA,GOYA,SAN ISIDRO,3454,,
33754,LA MATILDE,MERCEDES,MARIANO I LOZA,3476,,
9973,LA MERCED,ITUZAINGO,COLONIA LIEBIG S,3358,,
9820,LA MOROCHA,ESQUINA,,3196,,
17818,LA NINA,CURUZU CUATIA,CURUZU CUATIA,3461,,
19452,LA PALMIRA,ITATI,,3414,,
33819,LA PALOMA,CURUZU CUATIA,CAZADORES CORRENTINOS,3462,,
19672,LA PASTORIL,LAVALLE,,3440,,
20264,LA PORTEÑA,SAUCE,,3463,,
33682,LA RINCONADA,ESQUINA,PUEBLO LIBERTADOR,3197,,
33629,LA ROSITA,ESQUINA,ESQUINA,3196,,
33830,LA SELVA,CONCEPCION,COLONIA SANTA ROSA,3424,,
33785,LA SIRENA,SAN MARTIN,LA CRUZ,3346,,
20266,LA TAPERA,SAUCE,SAUCE,3463,,
9960,LA UNION,ITATI,,3414,,
9704,LAGUNA BRAVA,CAPITAL,CORRIENTES,3401,-27.4914093,-58.7155571
33681,LAGUNA ITA,ESQUINA,PUEBLO LIBERTADOR,3197,,
19044,LAGUNA LIMPIA,ESQUINA,ESQUINA,3196,,
33771,LAGUNA NEGRA,SAN LUIS DEL PALMAR,SAN LUIS DEL PALMAR,3403,,
19378,LAGUNA PUCU,GOYA,,3450,-29.1764412,-59.1252684
19676,LAGUNA SIRENA,LAVALLE,YATAYTI CALLE,3445,-29.0046844,-58.8903056
33772,LAGUNITA,SAN LUIS DEL PALMAR,SAN LUIS DEL PALMAR,3403,,
33808,LAS CHISPAS,SANTO TOME,SANTO TOME,3343,,
9823,LAS CUCHILLAS,ESQUINA,PUEBLO LIBERTADOR,3463,-30.3047631,-59.2183707
33827,LAS FLORES,CONCEPCION,COLONIA SANTA ROSA,3424,,
17128,LAS GARZAS,BELLA VISTA,,3432,-28.4547809,-58.9454261
20157,LAS LAGUNAS,SAN ROQUE,,3446,,
33727,LAS LOMAS,ITUZAINGO,COLONIA LIEBIG S,3358,,
19124,LAS MAGNOLIAS,SAN MARTIN,LA CRUZ,3344,,
33809,LAS MARIAS,SANTO TOME,SANTO TOME,3342,,
33706,LAS MERCEDES,GOYA,GOYA,3450,,
33660,LAS PALMAS,CURUZU CUATIA,CAZADORES CORRENTINOS,3185,,
33762,LAS PALMAS,PASO DE LOS LIBRES,PASO DE LOS LIBRES,3230,,
19152,LAS PALMITAS,GENERAL ALVEAR,,3344,-29.0210038,-56.5167696
20054,LAS PALMITAS,SAN LUIS DEL PALMAR,,3403,,
10237,LAS SALINAS,LAVALLE,YATAYTI CALLE,3474,,
20159,LAUREL,SAN ROQUE,COLONIA PANDO,3448,,
9998,LAVALLE,LAVALLE,LAVALLE,3443,-29.0286045,-59.1839600
20482,LIBERTAD,ITUZAINGO,,3302,-27.7434174,-56.4760018
20267,LIMA CUE,SAUCE,,3463,,
9757,LOBORY,CURUZU CUATIA,,3460,,
20113,LOMA ALTA,SAN MARTIN,LA CRUZ,3231,,
20484,LOMA ALTA,ITUZAINGO,,3302,,
19271,LOMA ALTA,GENERAL PAZ,CAA CATI,3405,-27.7589559,-57.8269769
10015,LOMA ALTA,CONCEPCION,CONCEPCION DEL YAGUARETE CORA,3425,-28.4144251,-57.9640886
27920,LOMA ALTA,MBURUCUYA,MBURUCUYA,3427,-28.0841488,-58.3111396
20486,LOMA POY,ITUZAINGO,,3302,,
19274,LOMA VILLANUEVA,GENERAL PAZ,,3407,-27.6839561,-57.8353844
17130,LOMAS,BELLA VISTA,,3432,-28.5672684,-59.0457306
10182,LOMAS DE AGUIRRE,SAN LUIS DEL PALMAR,HERLITZKA,3405,-27.6373439,-58.3723178
9782,LOMAS DE EMPEDRADO,EMPEDRADO,,3418,-27.8841926,-58.7077574
20056,LOMAS DE GALARZA,SAN LUIS DEL PALMAR,,3403,-27.5052744,-58.0711131
10183,LOMAS DE GONZALEZ,SAN LUIS DEL PALMAR,,3403,-27.6413055,-58.3302790
32334,LOMAS DE VALLEJOS,GENERAL PAZ,LOMAS DE VALLEJOS,3405,-27.7365920,-57.9194800
33623,LOMAS DE VERON,CONCEPCION,CONCEPCION DEL YAGUARETE CORA,3423,,
17131,LOMAS ESTE,BELLA VISTA,,3432,-28.5154708,-59.0008107
33639,LOMAS NORTE,BELLA VISTA,BELLA VISTA,3432,,
10204,LOMAS SAN JUAN,SAN MIGUEL,,3483,,
33640,LOMAS SUR,BELLA VISTA,BELLA VISTA,3432,,
10205,LORETO,SAN MIGUEL,LORETO,3483,-27.7675610,-57.2745857
20212,LOS BRETES,SANTO TOME,,3340,-28.5611983,-56.1114228
19381,LOS CEIBOS,GOYA,GOYA,3454,-29.4346941,-59.3666253
33695,LOS CUBANOS,GENERAL PAZ,CAA CATI,3407,,
9827,LOS EUCALIPTOS,ESQUINA,ESQUINA,3197,,
9828,LOS FLOTADORES,ESQUINA,,3196,-30.0673891,-59.5321193
33687,LOS FLOTADORES NORTE,ESQUINA,ESQUINA,3196,,
33650,LOS LAPACHOS,CONCEPCION,CONCEPCION DEL YAGUARETE CORA,3423,,
9829,LOS LAURELES,ESQUINA,ESQUINA,3199,,
10120,LOS PINOS,PASO DE LOS LIBRES,,3230,-29.8028545,-57.5228920
20135,LOS SAUCES,SAN MIGUEL,,3485,,
10191,LOS TRES CERROS,SAN MARTIN,,3346,,
19290,LOS VENCES,GENERAL PAZ,,3405,-27.7800531,-58.1693893
33773,LOVERA,SAN LUIS DEL PALMAR,SAN LUIS DEL PALMAR,3403,,
33797,LUJAN,SAN ROQUE,SAN ROQUE,3448,,
9940,LUJAN,GOYA,CAROLINA,3450,-29.1576646,-59.1557766
19063,MALEZAL,CURUZU CUATIA,CURUZU CUATIA,3196,,
33638,MALEZAL,SAUCE,SAUCE,3463,,
20061,MALOYA,SAN LUIS DEL PALMAR,,3403,,
19293,MALOYITA,GENERAL PAZ,LOMAS DE VALLEJOS,3405,,
9833,MALVINAS CENTRO,ESQUINA,ESQUINA,3199,,
19068,MALVINAS NORTE,ESQUINA,,3196,-29.5590076,-58.9760590
19069,MALVINAS SUR,ESQUINA,,3199,-29.7022462,-59.0764342
33694,MANANTIALES,GENERAL PAZ,PALMAR GRANDE,3405,,
10016,MANANTIALES,MBURUCUYA,,3427,-27.9239657,-58.0303845
33705,MANANTIALES,GOYA,GOYA,3450,,
9783,MANUEL DERQUI,EMPEDRADO,EMPEDRADO,3416,-27.8478031,-58.7916298
10241,MANUEL FLORENCIO MANTILLA,SAN ROQUE,PEDRO R FERNANDEZ,3446,-28.7505433,-58.6545369
33658,MARIA CARAPE,CURUZU CUATIA,CAZADORES CORRENTINOS,3465,,
17780,MARIA CHICA,CURUZU CUATIA,CURUZU CUATIA,3461,,
33733,MARIA DEL CARMEN,LAVALLE,YATAYTI CALLE,3442,,
10048,MARIANO I LOZA EST SOLARI,MERCEDES,MARIANO I LOZA,3476,-29.3763666,-58.1960231
20270,MARTIN GARCIA,SAUCE,,3463,,
9697,MARTINEZ CUE,GENERAL PAZ,ITA IBATE,3481,,
9941,MARUCHAS,GOYA,GOYA,3451,-29.2126125,-59.0304006
19386,MARUCHITAS,GOYA,,3450,-29.2141821,-58.9564523
20136,MBOY CUA,SAN MIGUEL,SAN MIGUEL,3485,,
10017,MBURUCUYA,MBURUCUYA,MBURUCUYA,3427,-28.0462513,-58.2251396
33774,MEDIO,SAN LUIS DEL PALMAR,SAN LUIS DEL PALMAR,3403,,
10049,MERCEDES,MERCEDES,MERCEDES,3470,-29.1821766,-58.0784721
9758,MINUANES,CURUZU CUATIA,CURUZU CUATIA,3465,-29.8333000,-58.2167000
10085,MIRAFLORES,MONTE CASEROS,MONTE CASEROS,3222,,
10123,MIRUNGA,PASO DE LOS LIBRES,PASO DE LOS LIBRES,3231,,
10086,MOCORETA,MONTE CASEROS,MOCORETA,3226,-30.6197720,-57.9644183
20137,MONTAÑA,SAN MIGUEL,,3485,,
10087,MONTE CASEROS,MONTE CASEROS,MONTE CASEROS,3220,-30.2511482,-57.6407471
19686,MONTE FLORIDO,LAVALLE,,3440,-28.9446373,-59.0269227
20062,MONTE GRANDE,SAN LUIS DEL PALMAR,,3403,,
33824,MONTE GRANDE,ITUZAINGO,SAN ANTONIO DE APIPE,3486,,
9942,MORA,GOYA,GOYA,3451,-29.3962110,-59.1255046
10088,MOTA,MONTE CASEROS,MOCORETA,3222,,
19958,MUCHAS ISLAS,BELLA VISTA,3 DE ABRIL,3420,,
19296,NARANJATY,GENERAL PAZ,,3405,,
33802,NARANJITO,SANTO TOME,SANTO TOME,3340,,
19688,NARANJITO,LAVALLE,,3440,-28.9761476,-59.0469720
10242,NARANJITO,SAN ROQUE,COLONIA PANDO,3448,,
19783,NARANJITO,MERCEDES,MERCEDES,3472,-28.9251180,-58.2744351
19900,ÑATIU,PASO DE LOS LIBRES,,3230,-29.5882187,-57.4075012
9912,NTRA SRA DEL ROS DE CAA CATI,GENERAL PAZ,CAA CATI,3407,-27.7519958,-57.6225136
10124,NUEVA ESPERANZA,PASO DE LOS LIBRES,,3230,-29.5808449,-57.2052994
18026,OCANTO CUE,EMPEDRADO,,3418,-27.9310782,-58.7721381
10207,OMBU,SAN MIGUEL,,3485,,
10126,OMBUCITO,PASO DE LOS LIBRES,PASO DE LOS LIBRES,3230,-29.6801863,-57.1110574
20063,ORATORIO,SAN LUIS DEL PALMAR,,3403,-27.4632062,-58.3476018
33649,ORATORIO,CONCEPCION,CONCEPCION DEL YAGUARETE CORA,3423,,
33786,OVECHARATY,SAN MARTIN,COLONIA CARLOS PELLEGRINI,3473,,
33815,OVEJITA,SAUCE,SAUCE,3463,,
10159,PAGO ALEGRE,SALADAS,,3425,-28.1257959,-58.3885182
19960,PAGO ARIAS,SALADAS,PAGO DE LOS DESEOS,3420,-28.1138409,-58.3495043
10160,PAGO DE LOS DESEOS,SALADAS,PAGO DE LOS DESEOS,3425,-28.2043210,-58.4662980
9759,PAGO LARGO,CURUZU CUATIA,CAZADORES CORRENTINOS,3465,-29.9357102,-58.2810968
33764,PAGO LINDO,SALADAS,PAGO DE LOS DESEOS,3425,,
9943,PAGO REDONDO,GOYA,,3451,-29.5530655,-59.1895853
33647,PAIRIRI,CONCEPCION,CONCEPCION DEL YAGUARETE CORA,3423,,
33732,PALERMO,LAVALLE,YATAYTI CALLE,3442,,
10127,PALMAR,PASO DE LOS LIBRES,,3230,-29.7282692,-57.1517154
28141,PALMAR GRANDE,GENERAL PAZ,PALMAR GRANDE,3405,-27.9417700,-57.9013640
17828,PALMITAS,CURUZU CUATIA,,3461,-29.3268886,-58.8014848
9881,PANCHO CUE,GENERAL ALVEAR,,3344,-29.0814354,-56.5559918
33680,PAPELHA,ESQUINA,PUEBLO LIBERTADOR,3197,,
10129,PARADA PUCHETA,PASO DE LOS LIBRES,PARADA PUCHETA,3232,-29.9036751,-57.5797615
27913,PARANACITO,LAVALLE,SANTA LUCIA,3453,-29.0815604,-59.0577434
19724,PASITO,GENERAL PAZ,LOMAS DE VALLEJOS,3427,,
10018,PASO AGUIRRE,MBURUCUYA,,3427,-28.1439493,-58.2500152
33624,PASO BATALLA,CONCEPCION,CONCEPCION DEL YAGUARETE CORA,3423,,
20272,PASO BERMUDEZ,SAUCE,,3463,-30.1889640,-58.9610264
20125,PASO CARRETA,CURUZU CUATIA,CURUZU CUATIA,3485,,
9837,PASO CEJAS,ESQUINA,,3197,-30.3093277,-59.3595982
20219,PASO CONCEPCION,SANTO TOME,GOBERNADOR VIRASORO,3340,,
19398,PASO CORONEL,GOYA,,3450,,
10170,PASO DE LA PATRIA,SAN COSME,PASO DE LA PATRIA,3409,-27.3172379,-58.5755081
17853,PASO DE LAS PIEDRAS,CURUZU CUATIA,,3460,-29.7596258,-58.0426481
10130,PASO DE LOS LIBRES,PASO DE LOS LIBRES,PASO DE LOS LIBRES,3230,-29.7117538,-57.0920525
9915,PASO FLORENTIN,GENERAL PAZ,,3407,-27.7421029,-57.7727097
33685,PASO HU,ESQUINA,ESQUINA,3196,,
33692,PASO ITU,GENERAL ALVEAR,ALVEAR,3344,,
33679,PASO LALLANA,ESQUINA,PUEBLO LIBERTADOR,3197,,
10131,PASO LEDESMA,PASO DE LOS LIBRES,,3234,-29.8534242,-57.6033976
17861,PASO LOPEZ,LAVALLE,YATAYTI CALLE,3460,,
19403,PASO LOS ANGELES,GOYA,,3454,-29.7056297,-59.2934515
17360,PASO LOVERA,CAPITAL,,3401,,
9714,PASO LUCERO,CONCEPCION,CONCEPCION DEL YAGUARETE CORA,3421,,
27800,PASO MARTINEZ,CAPITAL,CORRIENTES,3401,-27.5219214,-58.6538150
19786,PASO MESA,MERCEDES,,3470,,
33730,PASO MORENO,ITUZAINGO,ITUZAINGO,3302,,
19964,PASO NARANJITO,SALADAS,,3420,-28.3336883,-58.4724224
17361,PASO PESOA,CAPITAL,CORRIENTES,3401,,
19788,PASO PUCHETA,MERCEDES,,3472,-29.0135081,-58.3142724
33666,PASO QUINTANA,EMPEDRADO,EMPEDRADO,3416,,
9944,PASO RUBIO,GOYA,GOYA,3451,,
33787,PASO SAN JOAQUIN,SAN MARTIN,LA CRUZ,3346,,
9945,PASO SAN JUAN,GOYA,,3454,-29.6438333,-59.3453214
9946,PASO SANTA ROSA,GOYA,SAN ISIDRO,3450,,
33831,PASO TALA,CONCEPCION,COLONIA SANTA ROSA,3424,,
9766,PASO TALA,CURUZU CUATIA,,3461,-29.1779043,-58.7033947
19536,PASO TIRANTE,ITUZAINGO,,3302,,
19868,PASO VALLEJOS,MONTE CASEROS,,3220,-30.2648045,-57.7555015
33690,PASO YUNQUE,ESQUINA,PUEBLO LIBERTADOR,3197,,
10050,PAY UBRE CHICO,MERCEDES,MERCEDES,3470,-28.9771250,-58.1962941
9761,PEDRO DIAZ COLODRERO,CURUZU CUATIA,CAZADORES CORRENTINOS,3185,-30.2072926,-58.2444496
18052,PEHUAJO,EMPEDRADO,EL SOMBRERO,3416,,
33775,PEICHOTO CUE,SAN LUIS DEL PALMAR,SAN LUIS DEL PALMAR,3403,,
9762,PERUGORRIA,CURUZU CUATIA,PERUGORRIA,3461,-29.3402729,-58.6092834
33677,PICADA AMARA,ESQUINA,ESQUINA,3196,,
27573,PIEDRITAS,MONTE CASEROS,,3226,-30.4339357,-58.0152756
10090,PILINCHO,MONTE CASEROS,,3222,,
17489,PINDO,CONCEPCION,,3421,,
9883,PIRAYU,GENERAL ALVEAR,TORRENT,3344,-28.8750624,-56.4003298
9979,PLAYADITO,ITUZAINGO,,3358,-27.8896580,-55.8894887
9760,PORTILLO,CURUZU CUATIA,CURUZU CUATIA,3185,,
20115,POZO CUADRADO,SAN MARTIN,LA CRUZ,3231,,
33641,PROGRESO NORTE,BELLA VISTA,BELLA VISTA,3432,,
27928,PUEBLO LIBERTADOR,ESQUINA,PUEBLO LIBERTADOR,3197,-30.2195813,-59.3906029
19690,PUENTE BATEL,LAVALLE,,3445,-29.0265853,-58.7918570
10171,PUERTO ARAZA,SAN COSME,SAN COSME,3409,-27.3038248,-58.4324515
33822,PUERTO ARAZA,ITUZAINGO,SAN ANTONIO DE APIPE,3486,,
33701,PUERTO BOCA,GOYA,GOYA,3450,,
33817,PUERTO CORAZON,ITATI,ITATI,3414,,
20002,PUERTO GONZALEZ,SAN COSME,SAN COSME,3409,-27.3058145,-58.3842488
9947,PUERTO GOYA,GOYA,GOYA,3451,,
10289,PUERTO HORMIGUERO,SANTO TOME,,3340,,
33823,PUERTO LIMA,ITUZAINGO,SAN ANTONIO DE APIPE,3486,,
33631,PUERTO RZEPECKI,ITATI,ITATI,3414,,
33825,PUERTO TALA,ITUZAINGO,SAN ANTONIO DE APIPE,3486,,
18310,PUERTO UBAJAY,ITUZAINGO,,3302,,
9981,PUERTO VALLE,ITUZAINGO,,3302,-27.6170001,-56.4149900
33735,PUERTO VIEJO,LAVALLE,LAVALLE,3443,,
33656,PUESTO CAPITAN,CURUZU CUATIA,PERUGORRIA,3461,,
33748,PUESTO CIRO,MERCEDES,MERCEDES,3470,,
9916,PUISOYE,GENERAL PAZ,,3405,-27.8759707,-57.9328912
19728,PUNTA GRANDE,MBURUCUYA,MBURUCUYA,3405,-27.9844190,-57.9727121
19691,PUNTA IFRAN,LAVALLE,YATAYTI CALLE,3445,,
33702,PUNTA MARUCHA,GOYA,GOYA,3450,,
19540,PUNTA MERCEDES,SAN MIGUEL,LORETO,3302,,
20276,PUNTAS DE FRANCISCO GOMEZ,SAUCE,,3463,,
10133,QUIYATI,PASO DE LOS LIBRES,,3230,-29.4356242,-57.3016761
9691,RAICES NORTE,BELLA VISTA,3 DE ABRIL,3433,,
20065,RALERA SUD,SAN LUIS DEL PALMAR,SAN LUIS DEL PALMAR,3401,,
9961,RAMADA PASO,ITATI,RAMADA PASO,3412,-27.3659290,-58.3003090
18040,RAMONES,SAN LUIS DEL PALMAR,SAN LUIS DEL PALMAR,3427,,
19967,REAL CUE,EMPEDRADO,EMPEDRADO,3416,,
19416,REMANSO,GOYA,,3450,-29.1025428,-59.2488173
20069,RIACHUELITO,SAN LUIS DEL PALMAR,HERLITZKA,3403,-27.5384406,-58.3079233
28107,RIACHUELO,CAPITAL,RIACHUELO,3416,-27.5811450,-58.7419830
20071,RIACHUELO BARDECI,SAN COSME,SANTA ANA DE LOS GUACARAS,3403,,
20003,RIACHUELO SAN JOSE,SAN COSME,SAN COSME,3401,,
10162,RINCON DE AMBROSIO,SALADAS,,3416,-28.2428102,-58.8415104
33698,RINCON DE ANIMAS,GENERAL PAZ,LOMAS DE VALLEJOS,3415,,
20279,RINCON DE ANIMAS,SAUCE,,3463,-30.0548667,-58.5800032
33667,RINCON DE EMPEDRADO,EMPEDRADO,EMPEDRADO,3418,,
19418,RINCON DE GOMEZ,GOYA,,3450,-29.1097580,-59.2071981
33627,RINCON DE GUAYQUIRARO,ESQUINA,ESQUINA,3196,,
20074,RINCON DE LA MERCED,SAN LUIS DEL PALMAR,HERLITZKA,3403,,
33652,RINCON DE LUNA,CONCEPCION,CONCEPCION DEL YAGUARETE CORA,3423,,
33722,RINCON DE LUNA,GOYA,GOYA,3450,,
10290,RINCON DE MERCEDES,SANTO TOME,SANTO TOME,3351,,
33776,RINCON DE MEZA,SAN LUIS DEL PALMAR,HERLITZKA,3403,,
33777,RINCON DE NAVARRO,SAN LUIS DEL PALMAR,HERLITZKA,3403,,
19969,RINCON DE SAN LORENZO,SALADAS,,3416,-28.1381496,-58.8022619
33742,RINCON DE SANTA LUCIA,LAVALLE,SANTA LUCIA,3443,,
9839,RINCON DE SARANDI,ESQUINA,ESQUINA,3197,,
10000,RINCON DE SOTO,LAVALLE,,3443,-29.0653670,-59.2059937
9763,RINCON DE TUNAS,CURUZU CUATIA,CAZADORES CORRENTINOS,3185,-30.3242279,-58.1205732
19307,RINCON DE VENCES,GENERAL PAZ,LOMAS DE VALLEJOS,3407,-27.8118405,-58.2526846
10051,RINCON DE YAGUARY,MERCEDES,MERCEDES,3460,-29.6743363,-57.6777862
33749,RINCON DEL DIABLO,MERCEDES,MERCEDES,3470,,
33669,RINCON DEL MADREJON,EMPEDRADO,EMPEDRADO,3418,,
33750,RINCON DEL OMBU,MERCEDES,MERCEDES,3470,,
19422,RINCON DEL PAGO,GOYA,SAN ISIDRO,3451,,
19546,RINCON DEL ROSARIO,ITUZAINGO,ITUZAINGO,3302,,
33816,RINCON DEL SAUCE,SAUCE,SAUCE,3463,,
17362,RINCON DEL SOMBRERO,EMPEDRADO,EL SOMBRERO,3416,,
19543,RINCON OMBU CHICO,ITUZAINGO,ITUZAINGO,3302,,
27559,RINCON QUIROZ,CURUZU CUATIA,CURUZU CUATIA,3461,,
19971,RINCON SAN PEDRO,CONCEPCION,COLONIA SANTA ROSA,3420,,
19793,RINCON TRANQUERA GENERAL,MERCEDES,,3470,-28.9648914,-57.9814758
33644,RINCON YURUBI,CONCEPCION,TATACUA,3426,,
19308,RINCON ZALAZAR,GENERAL PAZ,LOMAS DE VALLEJOS,3405,,
33654,RODEO PORA,CONCEPCION,CONCEPCION DEL YAGUARETE CORA,3423,,
20170,ROSADO GRANDE,SAN ROQUE,COLONIA PANDO,3448,-28.6044096,-58.5670588
19870,SAENZ VALIENTE,MONTE CASEROS,JUAN PUJOL,3222,-30.4826411,-57.9157016
10163,SALADAS,SALADAS,SALADAS,3420,-28.2551212,-58.6256218
19304,SALDAÑA,GENERAL PAZ,LOMAS DE VALLEJOS,3407,,
19547,SALINAS,ITUZAINGO,,3302,,
20172,SALINAS GRANDE,LAVALLE,GOBERNADOR MARTINEZ,3448,-28.8455781,-58.9703282
10291,SAN ALONSO,SANTO TOME,GOBERNADOR VIRASORO,3342,-27.9418952,-55.9850410
9840,SAN ANTONIO,ESQUINA,,3196,-30.1492275,-59.2496886
10136,SAN ANTONIO,PASO DE LOS LIBRES,,3234,-29.7473755,-57.5532352
20228,SAN ANTONIO,SANTO TOME,,3340,,
33718,SAN ANTONIO,GOYA,SAN ISIDRO,3454,,
33635,SAN ANTONIO,SAN MIGUEL,LORETO,3483,,
9695,SAN ANTONIO DE ITATI,BERON DE ASTRADA,SAN ANTONIO DE ITATI,3481,-27.5506234,-57.5376246
9721,SAN ANTONIO DEL CAIMAN,CONCEPCION,COLONIA SANTA ROSA,3485,,
9983,SAN ANTONIO ISLA APIPE GRANDE,ITUZAINGO,SAN ANTONIO DE APIPE,3302,-27.5073850,-56.7411670
33818,SAN BENITO,ITATI,ITATI,3414,,
9984,SAN BORJITA,ITUZAINGO,SAN CARLOS,3300,,
9985,SAN CARLOS,ITUZAINGO,SAN CARLOS,3306,-27.7462502,-55.8957138
33788,SAN CARLOS,SAN MARTIN,LA CRUZ,3346,,
28343,SAN CAYETANO,CAPITAL,RIACHUELO,3400,-27.5703070,-58.6946100
10172,SAN COSME,SAN COSME,SAN COSME,3412,-27.3730164,-58.5124207
19428,SAN DIONISIO,MERCEDES,MERCEDES,3450,,
19796,SAN EDUARDO,MERCEDES,,3472,-29.0158596,-58.4539795
33723,SAN ERASMO,GOYA,GOYA,3450,,
19974,SAN FRANCISCO,SALADAS,,3420,-28.2404830,-58.6463140
33699,SAN FRANCISCO,GOYA,GOYA,3450,,
10192,SAN GABRIEL,SAN MARTIN,,3346,-28.9687452,-57.1963059
10096,SAN GREGORIO,MONTE CASEROS,,3226,,
19430,SAN GREGORIO,GOYA,SAN ISIDRO,3450,-29.5080239,-59.3903817
33810,SAN HORACIO,SANTO TOME,GARRUCHOS,3342,,
19906,SAN ISIDRO,PASO DE LOS LIBRES,,3234,-29.7075233,-57.5527916
19174,SAN ISIDRO,GENERAL ALVEAR,ALVEAR,3454,,
9949,SAN ISIDRO,GOYA,SAN ISIDRO,3454,-29.4985490,-59.3165810
10141,SAN JOAQUIN,PASO DE LOS LIBRES,,3230,-29.6675737,-57.3717735
33743,SAN JOSE,LAVALLE,GOBERNADOR MARTINEZ,3444,,
10142,SAN JUAN,PASO DE LOS LIBRES,,3230,-29.4474239,-57.0124512
33811,SAN JUAN,SANTO TOME,GOBERNADOR VIRASORO,3342,,
9886,SAN JUAN,GENERAL ALVEAR,,3344,,
10019,SAN JUAN,MBURUCUYA,,3427,-27.9126358,-58.0772018
9764,SAN JUAN,CURUZU CUATIA,CURUZU CUATIA,3466,,
18034,SAN JUANCITO,EMPEDRADO,EMPEDRADO,3416,,
10292,SAN JUSTO,SANTO TOME,,3342,,
33673,SAN LORENCITO,EMPEDRADO,EMPEDRADO,3418,,
33765,SAN LORENCITO,SALADAS,PAGO DE LOS DESEOS,3425,,
10164,SAN LORENZO,SALADAS,SAN LORENZO,3416,-28.1335853,-58.7669480
10004,SAN LUIS,LAVALLE,YATAYTI CALLE,3445,,
10301,SAN LUIS,SAUCE,,3463,,
10184,SAN LUIS DEL PALMAR,SAN LUIS DEL PALMAR,SAN LUIS DEL PALMAR,3403,-27.5063229,-58.5558128
9952,SAN MARTIN,GOYA,SAN ISIDRO,3450,-29.5942151,-59.3481365
20293,SAN MARTIN,SAUCE,,3463,-30.0692883,-58.7785619
10209,SAN MIGUEL,SAN MIGUEL,SAN MIGUEL,3485,-27.9954967,-57.5909767
10210,SAN NICOLAS,SAN MIGUEL,,3485,-28.1278954,-57.4313736
19435,SAN PEDRO,GOYA,GOYA,3451,-29.2179588,-59.2298631
33812,SAN PEDRO DEL IBERA,SANTO TOME,SANTO TOME,3340,,
33704,SAN RAFAEL,GOYA,GOYA,3450,,
33709,SAN RAMON,GOYA,GOYA,3450,,
10251,SAN ROQUE,SAN ROQUE,SAN ROQUE,3448,-28.5731354,-58.7078514
10145,SAN ROQUITO,PASO DE LOS LIBRES,PASO DE LOS LIBRES,3471,,
10146,SAN SALVADOR,PASO DE LOS LIBRES,PASO DE LOS LIBRES,3471,-29.2986666,-57.5058939
10211,SAN SEBASTIAN,SAN MIGUEL,,3483,,
10293,SAN VICENTE,SANTO TOME,,3342,-28.0112133,-56.1535759
19558,SANGARA,ITUZAINGO,,3302,,
33763,SANTA ANA,PASO DE LOS LIBRES,BONPLAND,3234,,
9888,SANTA ANA,GENERAL ALVEAR,,3344,-29.0292664,-56.5055848
10173,SANTA ANA,SAN COSME,SANTA ANA DE LOS GUACARAS,3401,-27.4548645,-58.6536720
10021,SANTA ANA,MBURUCUYA,,3427,-28.1573982,-58.3102913
33798,SANTA ANGELICA,SAN ROQUE,SAN ROQUE,3448,,
33791,SANTA BARBARA,SAN MIGUEL,SAN MIGUEL,3485,,
20391,SANTA CATALINA,ESQUINA,,3196,-29.8981409,-59.4654021
33751,SANTA CLARA,MERCEDES,MERCEDES,3470,,
10193,SANTA ELISA,PASO DE LOS LIBRES,TAPEBICUA,3230,,
33645,SANTA ELVIRA,CONCEPCION,TATACUA,3426,,
20175,SANTA IRENE,SAN ROQUE,,3474,,
9889,SANTA ISABEL,GENERAL ALVEAR,,3344,-28.5749378,-56.5548783
19785,SANTA JUANA,MERCEDES,MERCEDES,3470,-29.4436166,-57.5973332
9854,SANTA LIBRADA,ESQUINA,ESQUINA,3196,-30.0228500,-59.4806088
10005,SANTA LUCIA,LAVALLE,SANTA LUCIA,3440,-28.9843178,-59.1023903
33678,SANTA MARIA,ESQUINA,PUEBLO LIBERTADOR,3197,,
33744,SANTA MARIA,MBURUCUYA,MBURUCUYA,3427,,
33703,SANTA MARIA,GOYA,GOYA,3450,,
17883,SANTA MARIA,CURUZU CUATIA,CURUZU CUATIA,3466,,
10103,SANTA MARTA,MONTE CASEROS,MONTE CASEROS,3224,,
10149,SANTA RITA,PASO DE LOS LIBRES,TAPEBICUA,3232,,
10174,SANTA RITA,SAN COSME,SAN COSME,3412,,
33821,SANTA RITA,ITATI,RAMADA PASO,3431,,
33712,SANTA RITA,GOYA,SAN ISIDRO,3454,,
33693,SANTA ROSA,GENERAL ALVEAR,ALVEAR,3344,,
33665,SANTA ROSA,EMPEDRADO,EL SOMBRERO,3419,,
9722,SANTA ROSA,CONCEPCION,COLONIA SANTA ROSA,3421,-28.2641468,-58.1246109
33707,SANTA ROSA,GOYA,GOYA,3450,,
10022,SANTA TERESA,MBURUCUYA,,3427,-28.0213070,-58.0332031
33651,SANTA TERESITA,CONCEPCION,TABAY,3421,,
10254,SANTIAGO ALCORTA,SAN ROQUE,,3446,,
9953,SANTILLAN,GOYA,,3450,-29.4653742,-58.9801713
33688,SANTO DOMINGO,ESQUINA,ESQUINA,3196,,
19977,SANTO DOMINGO,SALADAS,,3420,-28.2561377,-58.5346171
10255,SANTO DOMINGO,SAN ROQUE,SAN ROQUE,3449,-28.6686435,-58.8418932
10294,SANTO TOME,SANTO TOME,SANTO TOME,3340,-28.5514660,-56.0440140
33726,SANTOS LUGARES,ITUZAINGO,COLONIA LIEBIG S,3358,,
20078,SANTOS LUGARES,SAN LUIS DEL PALMAR,,3403,-27.4662035,-58.4538654
9856,SARANDI,ESQUINA,,3196,-30.1283168,-59.4521206
9765,SARANDI,CURUZU CUATIA,,3460,-29.7423174,-58.0593849
33691,SARANDICITO,ESQUINA,PUEBLO LIBERTADOR,3197,,
10302,SAUCE,SAUCE,SAUCE,3463,-30.0832901,-58.7884026
19451,SCORZA CUE,ITATI,ITATI,3414,,
10213,SILVERO CUE,SAN MIGUEL,,3485,-28.0563172,-57.6244056
19437,SOLEDAD,GOYA,,3450,-29.1692222,-59.2861389
10295,SOSA CUE,SANTO TOME,GOBERNADOR VIRASORO,3342,,
33711,STELLA MARIS,GOYA,GOYA,3454,,
33789,TABAI,SAN MARTIN,YAPEYU,3231,,
32329,TABAY,CONCEPCION,TABAY,3421,-28.3125890,-58.2878200
10106,TACUABE,MONTE CASEROS,MONTE CASEROS,3222,-30.2880568,-57.7340118
33778,TACUARA,SAN LUIS DEL PALMAR,SAN LUIS DEL PALMAR,3403,,
9919,TACUARACARENDY,GENERAL PAZ,,3481,,
9920,TACUARAL,GENERAL PAZ,CAA CATI,3405,-27.8719215,-57.7948837
10052,TACUARAL,MERCEDES,MERCEDES,3471,-28.7869006,-58.0818689
20177,TACUARITAS,SAN ROQUE,,3474,-28.8034134,-58.3767478
9921,TALATY,GENERAL PAZ,CAA CATI,3405,-27.8439612,-57.7599371
10150,TAPEBICUA,PASO DE LOS LIBRES,TAPEBICUA,3232,-29.5049438,-56.9761047
10296,TAREIRI,SANTO TOME,SANTO TOME,3342,,
9726,TATACUA,CONCEPCION,TATACUA,3421,-28.3720748,-58.3252897
19809,TATARE,MERCEDES,MERCEDES,3472,,
33642,TATARE,BERON DE ASTRADA,SAN ANTONIO DE ITATI,3481,,
9767,TIERRA COLORADA,CURUZU CUATIA,,3460,-29.6356484,-58.6129460
9922,TILITA,GENERAL PAZ,,3480,,
33813,TIMBAUVA,SANTO TOME,GOBERNADOR VIRASORO,3342,,
19316,TIMBO CORA,GENERAL PAZ,,3407,-27.5438263,-57.7423727
33752,TIMBOCITO,MERCEDES,MERCEDES,3470,,
10108,TIMBOY,MONTE CASEROS,MONTE CASEROS,3222,-30.3598891,-57.7056281
33753,TORO RATAY,MERCEDES,MERCEDES,3470,,
33655,TRANQUERA DEL MEDIO,CONCEPCION,CONCEPCION DEL YAGUARETE CORA,3423,,
19889,TRES BOCAS,MONTE CASEROS,,3220,-30.2719196,-57.9205974
9954,TRES BOCAS,GOYA,,3454,,
33657,TRES BOCAS DEL YATAY,CURUZU CUATIA,CURUZU CUATIA,3460,,
10194,TRES CERROS,SAN MARTIN,,3346,-29.1079302,-56.9225825
20082,TRES CRUCES,SAN LUIS DEL PALMAR,,3403,-27.5776952,-58.0328993
33683,TRES MOJONES,ESQUINA,PUEBLO LIBERTADOR,3197,,
20238,TRES TAPERAS,SAN MARTIN,LA CRUZ,3340,,
9768,TUNITAS,CURUZU CUATIA,,3460,-29.6923423,-58.3240035
9962,TUYUTI,ITATI,ITATI,3412,,
10053,UGUAY,MERCEDES,MERCEDES,3471,-28.6484683,-57.4814263
33729,URRUTIA,ITUZAINGO,COLONIA LIEBIG S,3358,,
9769,VACA CUA,CURUZU CUATIA,,3460,-29.6653220,-57.9670500
27543,VACA PASO,CURUZU CUATIA,,3461,-29.3619095,-58.5872073
9701,VALENCIA,BERON DE ASTRADA,,3481,-27.3849354,-57.6921768
10007,VILLA AQUINO,LAVALLE,,3440,-29.0167105,-59.0831887
33714,VILLA LEONOR,GOYA,GOYA,3450,,
33799,VILLA LIBERTAD,SAN ROQUE,COLONIA PANDO,3449,,
20311,VILLA LUJAN,GOYA,GOYA,3481,,
32336,VILLA OLIVARI,ITUZAINGO,VILLA OLIVARI,3486,-27.6325590,-56.9066360
9859,VILLA ORISTIA,ESQUINA,ESQUINA,3196,,
9692,VILLA ROLLET,BELLA VISTA,,3432,,
33628,VILLA ROSA,ESQUINA,ESQUINA,3196,,
9784,VILLA SAN ISIDRO,EMPEDRADO,EMPEDRADO,3401,-27.8131656,-58.7203816
19319,VILLA SAN RAMON,GENERAL PAZ,,3407,-27.7102906,-57.5591107
33637,VILLALBA CUE,SAN MIGUEL,LORETO,3483,,
33814,VIROCAM,SANTO TOME,SANTO TOME,3340,,
33790,YACARE,SAN MARTIN,LA CRUZ,3346,,
9963,YACAREY,ITATI,ITATI,3412,-27.3347212,-58.1812840
33731,YACIRETA,ITUZAINGO,ITUZAINGO,3302,,
9770,YAGUARY,CURUZU CUATIA,,3460,,
9702,YAHAPE,BERON DE ASTRADA,,3412,-27.3704269,-57.6552250
33643,YAHAVERE,CONCEPCION,CONCEPCION DEL YAGUARETE CORA,3423,,
10195,YAPEYU,SAN MARTIN,YAPEYU,3231,-29.4706323,-56.8158359
20179,YATAY CORA,CONCEPCION,CONCEPCION DEL YAGUARETE CORA,3474,,
32337,YATAYTI CALLE,LAVALLE,YATAYTI CALLE,3445,-29.0283400,-58.9136120
10219,YATAYTI POI,SAN MIGUEL,,3485,,
10261,YAZUCA,SAN ROQUE,COLONIA PANDO,3448,-28.4978841,-58.6101641
10054,YUQUERI,MERCEDES,,3470,-28.8779992,-58.0382729
10196,YURUCUA,SAN MARTIN,,3346,-28.7230492,-56.8398399
